<?xml version='1.0' encoding='iso-8859-1'?>
<deltaresHydro xmlns="http://schemas.deltares.nl/deltaresHydro" xmlns:xsi="http://www.w3.org/2001/XMLSchema-instance" xsi:schemaLocation="http://schemas.deltares.nl/deltaresHydro http://content.oss.deltares.nl/schemas/d_hydro-1.00.xsd">
<documentation>
File created by    : DelftDashboard
File creation date : 02-Apr-2015 16:53:09
File version       : 1.00
</documentation>
<control>
<sequence>
<start>myNameFlow</start>
</sequence>
</control>
<flow2D3D name="myNameFlow">
<library>flow2d3d</library>
<mdfFile>estuary.mdf</mdfFile>
</flow2D3D>
</deltaresHydro>
